<DATE>,<TIME>,<OPEN>,<HIGH>,<LOW>,<CLOSE>,<VOL>
20170103,000000,91.4338000,91.6726000,91.1001000,91.4001000,442
20170104,000000,91.3489000,92.0501000,91.2294000,92.0498000,443
20170105,000000,92.0552000,92.2199000,91.8747000,92.0999000,109
20170106,000000,92.4597000,92.4598000,92.1000000,92.4399000,151
20170109,000000,92.1747000,93.1498000,91.7501000,93.0997000,278098
20170110,000000,92.7830000,93.6000000,92.5502000,93.2505000,636222
20170111,000000,93.2370000,93.5848000,92.8000000,92.8000000,361235
20170112,000000,93.1061000,93.8199000,93.0510000,93.5516000,461357
20170113,000000,93.6101000,93.8273000,93.4083000,93.4511000,7212
20170116,000000,93.6999000,93.6999000,93.3300000,93.3500000,7219
20170117,000000,93.4000000,93.6216000,93.0194000,93.2011000,174749
20170118,000000,93.1504000,93.5900000,92.8504000,93.2010000,116792
20170119,000000,93.2000000,93.3390000,92.9000000,92.9036000,891766
20170120,000000,93.1899000,93.2373000,92.7503000,93.0501000,12438
20170123,000000,92.9002000,93.1986000,92.9002000,92.9301000,507
20170124,000000,92.9999000,93.0998000,92.4004000,92.5142000,109422
20170125,000000,92.9998000,93.0000000,91.5500000,91.6101000,106015
20170126,000000,91.6005000,92.0000000,91.0000000,91.6001000,167937
20170127,000000,91.8100000,93.0000000,91.5804000,92.4613000,873916
20170130,000000,92.9997000,92.9997000,92.0100000,92.2004000,55330
20170131,000000,92.0057000,92.6987000,92.0002000,92.5001000,858570
20170201,000000,92.6498000,92.8500000,92.6008000,92.6008000,207734
20170202,000000,92.6100000,93.4996000,92.6100000,93.1205000,111070
20170203,000000,93.0250000,93.4997000,92.6150000,92.9001000,762497
20170206,000000,92.7004000,93.1996000,92.7000000,92.7004000,36553
20170207,000000,93.1995000,93.2499000,92.5001000,92.5002000,122945
20170208,000000,93.4995000,93.4995000,92.4750000,92.6999000,252698
20170209,000000,92.6003000,92.9997000,92.5000000,92.9793000,59653
20170210,000000,92.9487000,93.3995000,92.7103000,93.0050000,4459
20170213,000000,93.0102000,93.3994000,93.0011000,93.0011000,3501
20170214,000000,93.0001000,93.4000000,92.8002000,92.8500000,10058
20170215,000000,93.2494000,93.2498000,92.5802000,92.8400000,21188
20170216,000000,93.1597000,93.1875000,92.2500000,92.2501000,390071
20170217,000000,92.3000000,92.4299000,91.9002000,91.9003000,108938
20170220,000000,92.0001000,92.2995000,91.8000000,91.9501000,15967
20170221,000000,91.9001000,92.4545000,91.9000000,92.0001000,25930
20170222,000000,91.8016000,92.1998000,91.7003000,91.7003000,48545
20170224,000000,92.3499000,92.3499000,91.6502000,92.2947000,462
20170227,000000,91.6500000,92.2994000,91.6000000,91.9502000,38038
20170228,000000,91.7005000,92.1489000,91.6000000,91.7001000,137443
20170301,000000,91.6100000,92.4500000,91.5000000,91.9502000,584209
20170302,000000,91.5053000,92.0997000,91.5052000,91.7003000,21762
20170303,000000,91.7000000,92.1213000,91.4002000,92.1001000,285170
20170306,000000,92.0000000,92.4000000,92.0000000,92.2501000,215181
20170307,000000,92.4999000,92.5001000,91.9001000,92.4010000,77774
20170309,000000,92.2501000,92.5002000,91.8000000,92.5000000,171823
20170310,000000,92.2501000,92.8500000,92.2002000,92.5017000,103737
20170313,000000,92.2040000,93.0000000,92.2001000,92.9502000,749787
20170314,000000,92.9101000,93.0800000,92.7501000,92.8101000,1501793
20170315,000000,92.9101000,93.4000000,92.6600000,93.3000000,868339
20170316,000000,93.4997000,93.7100000,93.3101000,93.7100000,1080473
20170317,000000,93.4005000,93.9100000,93.4002000,93.8501000,1122231
20170320,000000,93.8600000,94.0999000,93.8100000,93.9250000,336669
20170321,000000,93.8602000,94.0593000,93.7001000,93.9000000,83292
20170322,000000,93.5007000,93.9000000,93.3301000,93.6399000,224348
20170323,000000,93.7499000,94.0000000,93.3503000,93.4502000,116444
20170324,000000,94.0998000,94.2600000,93.5000000,93.5054000,373030
20170327,000000,93.5053000,94.1991000,93.4001000,93.8503000,207002
20170328,000000,93.7803000,94.2595000,93.7225000,93.7502000,158133
20170329,000000,94.1000000,94.2000000,93.5004000,93.9400000,155842
20170330,000000,93.9002000,94.3700000,93.9000000,94.2524000,129333
20170331,000000,94.2601000,94.4999000,93.7133000,93.9002000,174260
20170403,000000,93.9501000,94.0999000,93.8207000,93.8500000,22229
20170404,000000,93.6002000,94.2383000,93.6002000,93.9102000,62769
20170405,000000,94.4995000,94.4995000,94.0101000,94.2011000,99010
20170406,000000,93.8021000,94.6500000,93.8011000,94.3540000,151155
20170407,000000,93.9025000,94.3000000,93.8000000,94.2001000,600363
20170410,000000,93.8009000,93.9993000,93.5000000,93.6101000,19615
20170411,000000,93.5002000,94.0000000,93.3002000,93.4102000,133893
20170412,000000,93.5105000,93.6000000,93.2000000,93.4000000,171766
20170413,000000,93.2001000,93.8000000,93.2000000,93.6509000,73086
20170414,000000,93.6603000,93.8988000,93.3747000,93.8500000,147842
20170417,000000,93.4618000,94.0013000,93.4603000,94.0000000,11687
20170418,000000,93.7101000,94.1000000,93.7001000,93.7002000,120678
20170419,000000,93.5020000,94.2998000,93.5020000,94.1999000,38015
20170420,000000,94.1255000,94.8000000,93.6753000,94.6501000,128155
20170421,000000,94.6112000,95.8000000,94.6111000,95.3500000,146344
20170424,000000,95.9000000,96.0000000,95.2103000,95.4001000,100461
20170425,000000,95.5498000,95.5498000,95.1003000,95.1502000,1750
20170426,000000,95.4499000,95.7000000,95.1009000,95.3501000,54420
20170427,000000,95.7998000,95.7998000,95.0003000,95.5001000,12122
20170428,000000,95.3733000,96.4389000,95.3733000,96.2499000,242723
20170502,000000,96.0003000,96.8890000,96.0000000,96.3501000,24158
20170503,000000,96.1102000,96.6496000,96.1100000,96.4501000,22234
20170504,000000,96.0600000,96.4500000,95.6639000,95.7000000,2834
20170505,000000,95.6337000,95.8000000,94.7002000,95.4004000,150453
20170510,000000,94.9072000,96.5897000,93.8300000,96.0006000,2254
20170511,000000,96.2512000,96.4000000,95.9301000,96.3500000,6668
20170512,000000,96.4975000,96.5500000,96.0504000,96.2008000,4750
20170515,000000,96.6463000,96.9100000,96.3300000,96.5502000,302687
20170516,000000,96.9180000,97.0347000,96.5002000,96.5002000,94583
20170517,000000,96.2919000,96.6500000,95.7966000,96.0010000,133901
20170518,000000,95.8488000,96.3000000,95.6102000,96.2600000,77770
20170519,000000,96.3000000,96.8000000,96.2102000,96.6501000,127338
20170522,000000,96.9940000,97.0970000,96.5070000,96.8120000,9016
20170523,000000,96.6240000,97.0990000,96.6000000,96.7520000,10472
20170524,000000,96.8130000,97.2890000,96.1430000,96.1460000,1029183
20170525,000000,96.6000000,96.9980000,96.2000000,96.3510000,234666
20170526,000000,96.5880000,96.5890000,95.9110000,96.0520000,6018
20170529,000000,95.9810000,96.3980000,95.8150000,96.0110000,713
20170530,000000,96.6980000,96.6980000,95.8000000,95.8000000,23083
20170531,000000,95.7950000,96.1500000,95.6100000,95.7610000,5731
20170601,000000,96.0000000,96.5020000,96.0000000,96.5010000,79553
20170602,000000,96.0950000,96.5990000,96.0010000,96.2520000,857
20170605,000000,96.7940000,96.7980000,96.1530000,96.1530000,146072
20170606,000000,95.9180000,96.5780000,95.9180000,96.2000000,6719
20170607,000000,96.0080000,96.3000000,96.0030000,96.0210000,30879
20170608,000000,95.8580000,96.2490000,95.8520000,96.0000000,5117
20170609,000000,96.1950000,96.2500000,96.0120000,96.0150000,1833
20170613,000000,96.2500000,96.4990000,95.8920000,96.2010000,7797
20170614,000000,95.9180000,96.4470000,95.8610000,96.0000000,389399
20170615,000000,95.8110000,96.1970000,95.0150000,95.4750000,646100
20170616,000000,95.5900000,95.6000000,94.6010000,94.6010000,163582
20170619,000000,95.0920000,95.0970000,94.3000000,94.3000000,182184
20170620,000000,94.0620000,94.9900000,94.0600000,94.4010000,214959
20170621,000000,94.0190000,95.2000000,94.0190000,94.5520000,56044
20170622,000000,94.4110000,95.1500000,94.2640000,94.5030000,198594
20170623,000000,94.5150000,95.5000000,94.5100000,95.4500000,271665
20170626,000000,95.4130000,95.7020000,95.4100000,95.4110000,128365
20170627,000000,95.3400000,95.6990000,95.2000000,95.4500000,243951
20170628,000000,95.2000000,95.4000000,94.9640000,95.3010000,317135
20170629,000000,95.3240000,95.4970000,95.0090000,95.0100000,21055
20170630,000000,95.0020000,95.4000000,94.9010000,95.2500000,37346
20170703,000000,95.6960000,95.6990000,95.1050000,95.3010000,6100
20170704,000000,95.1100000,95.3950000,95.1040000,95.2000000,22080
20170705,000000,95.1050000,95.2000000,94.5500000,94.9000000,202108
20170706,000000,94.5950000,94.8010000,94.4000000,94.4000000,1276187
20170707,000000,94.6360000,94.6360000,93.9000000,94.1000000,492823
20170710,000000,94.3000000,94.6490000,94.2110000,94.5010000,142328
20170711,000000,94.1640000,94.5360000,93.9010000,94.2030000,380508
20170712,000000,94.5860000,94.9000000,94.2110000,94.4560000,640482
20170713,000000,94.6350000,95.0800000,94.6320000,94.9220000,526272
20170714,000000,94.7120000,95.5500000,94.7010000,95.2500000,142677
20170717,000000,95.2630000,95.3490000,95.0030000,95.2120000,532780
20170718,000000,95.0040000,95.3500000,95.0040000,95.2500000,428570
20170719,000000,95.6190000,95.6190000,94.8040000,95.1520000,158414
20170720,000000,95.5950000,95.5980000,94.7650000,95.2510000,1594118
20170721,000000,95.2140000,95.7500000,95.2100000,95.2130000,98948
20170724,000000,95.0060000,95.4500000,94.4560000,94.5970000,2396233
20170725,000000,94.5020000,94.8980000,94.5000000,94.5500000,54913
20170726,000000,94.6510000,95.0480000,94.5000000,94.9070000,2005155
20170727,000000,94.9510000,95.5000000,94.9500000,95.3510000,612433
20170728,000000,95.3120000,95.4990000,95.0110000,95.2510000,323490
20170731,000000,95.1640000,95.2770000,94.7260000,95.1510000,128753
20170801,000000,95.4970000,95.4980000,94.9050000,95.2950000,631530
20170802,000000,95.5330000,95.5330000,95.0020000,95.1110000,172556
20170803,000000,95.0570000,95.7000000,94.9250000,95.6940000,254889
20170804,000000,95.9480000,96.5500000,95.4510000,96.3350000,943418
20170807,000000,96.3580000,96.6000000,96.2510000,96.3250000,125078
20170808,000000,96.2920000,96.5370000,96.0020000,96.2010000,265672
20170809,000000,96.2020000,96.3910000,96.0030000,96.1010000,124257
20170810,000000,96.3480000,96.4500000,96.1210000,96.1570000,693646
20170811,000000,95.8000000,96.3500000,95.8000000,96.2500000,126212
20170814,000000,96.2500000,96.6000000,96.2500000,96.3720000,58156
20170815,000000,96.0020000,96.7390000,95.0290000,96.2600000,5428
20170816,000000,96.5450000,96.5450000,96.2000000,96.2000000,27149
20170817,000000,96.2020000,96.4970000,96.1520000,96.1640000,47312
20170818,000000,96.2140000,96.4000000,96.1020000,96.1170000,7401
20170821,000000,96.0540000,96.3980000,96.0530000,96.2510000,310832
20170822,000000,96.3980000,96.3980000,96.1020000,96.2500000,45846
20170823,000000,96.2000000,96.4100000,96.1010000,96.3000000,86758
20170824,000000,96.1020000,96.3980000,96.1010000,96.2730000,100715
20170825,000000,96.3000000,96.4490000,96.2040000,96.2040000,53959
20170828,000000,96.1150000,96.5880000,96.0530000,96.1510000,394616
20170829,000000,96.0040000,96.2460000,96.0010000,96.0400000,318311
20170830,000000,96.0510000,96.3290000,96.0010000,96.1640000,204167
20170831,000000,96.3990000,96.6990000,96.1510000,96.6000000,345978
20170901,000000,96.5070000,97.1990000,96.5070000,96.8530000,1224962
20170904,000000,96.8550000,97.1360000,96.7130000,96.7430000,6117
20170905,000000,97.1270000,97.5780000,96.8520000,97.3610000,390581
20170906,000000,97.3990000,97.7010000,97.2520000,97.4000000,417700
20170907,000000,97.9480000,97.9480000,97.6100000,97.7000000,64705
20170908,000000,97.5120000,97.9500000,97.5120000,97.6510000,113831
20170911,000000,97.5020000,97.9240000,97.5020000,97.7520000,6902
20170912,000000,97.7910000,97.8000000,97.6010000,97.6020000,316454
20170913,000000,97.6040000,97.8290000,97.4060000,97.5020000,1043
20170914,000000,97.7470000,97.7480000,97.5030000,97.5030000,52599
20170915,000000,97.8060000,97.8060000,97.3650000,97.7980000,386860
20170918,000000,97.5230000,97.7690000,97.4500000,97.4500000,410391
20170919,000000,97.4500000,97.6500000,97.3010000,97.5040000,804513
20170920,000000,97.4540000,97.7000000,97.4530000,97.6000000,234629
20170921,000000,97.3530000,97.6480000,97.2540000,97.3000000,2113848
20170922,000000,97.2820000,97.4470000,97.2820000,97.3020000,411615
20170925,000000,97.8200000,97.8200000,97.0510000,97.2000000,389480
20170926,000000,97.1040000,97.2880000,96.8660000,96.9500000,794161
20170927,000000,96.9010000,97.0460000,96.1720000,96.6000000,849320
20170928,000000,96.4040000,96.9980000,96.2930000,96.9000000,271590
20170929,000000,96.7050000,97.3500000,96.7050000,97.0060000,645553
20171002,000000,97.0140000,97.2890000,96.8010000,96.9000000,331972
20171003,000000,96.7520000,96.9930000,96.7000000,96.8020000,1307346
20171004,000000,96.7430000,97.0990000,96.7420000,96.9550000,782784
20171005,000000,96.8710000,97.2890000,96.8700000,97.1100000,445813
20171006,000000,97.1110000,97.2980000,96.9040000,96.9050000,91122
20171009,000000,96.6030000,97.1940000,96.6030000,96.8160000,102378
20171010,000000,97.2940000,97.3000000,96.8520000,97.0600000,122805
20171011,000000,97.1000000,97.4480000,97.0140000,97.3610000,52592
20171012,000000,97.5980000,97.5980000,97.3120000,97.4640000,232325
20171013,000000,97.5100000,97.8500000,97.4700000,97.7020000,655656
20171016,000000,97.8780000,97.8780000,97.3920000,97.4100000,497094
20171017,000000,97.1520000,97.5450000,97.1510000,97.2550000,111629
20171018,000000,97.6450000,97.6490000,97.3500000,97.3640000,4407
20171019,000000,97.6450000,97.6450000,97.3160000,97.5050000,49432
20171020,000000,97.3300000,97.5970000,97.3130000,97.3230000,282938
20171023,000000,97.3140000,97.5950000,97.2300000,97.2440000,2892
20171024,000000,97.4420000,97.5000000,97.2530000,97.2550000,630158
20171025,000000,97.5080000,97.5100000,97.2510000,97.3000000,548227
20171026,000000,97.2390000,97.2500000,97.1060000,97.1530000,1124865
20171027,000000,97.1660000,97.4950000,96.8540000,97.0000000,525058
20171030,000000,96.9160000,97.3860000,96.9100000,97.2000000,52920
20171031,000000,97.1160000,97.3870000,96.8130000,97.0040000,23920
20171101,000000,97.2750000,97.3970000,97.0020000,97.1280000,158274
20171102,000000,97.0870000,97.2680000,97.0860000,97.1030000,226604
20171103,000000,97.3310000,97.3320000,96.8260000,96.8520000,35503
20171107,000000,97.1000000,97.1970000,96.8220000,96.9680000,8812
20171108,000000,97.1490000,97.1490000,96.6500000,96.7500000,11740
20171109,000000,96.7110000,96.9610000,96.7100000,96.7830000,2206
20171110,000000,96.8130000,97.0400000,96.6870000,96.7510000,184669
20171113,000000,96.6520000,97.0240000,96.3100000,96.4460000,75130
20171114,000000,96.5010000,96.5010000,96.0110000,96.0880000,198940
20171115,000000,96.1100000,96.3890000,96.0220000,96.3510000,70025
20171116,000000,97.2970000,97.2970000,96.3110000,96.6100000,2514655
20171117,000000,96.8370000,96.8370000,96.3720000,96.7000000,30405
20171120,000000,96.7000000,96.8870000,96.4540000,96.5390000,623843
20171121,000000,97.0990000,97.0990000,96.3020000,96.4100000,258335
20171122,000000,96.6470000,96.8970000,96.3540000,96.6650000,126042
20171123,000000,97.0960000,97.0970000,96.6130000,96.8020000,543729
20171124,000000,96.7020000,96.9930000,96.7000000,96.8050000,916
20171127,000000,96.6120000,97.0340000,96.6120000,96.7640000,16372
20171128,000000,97.0470000,97.0500000,96.7380000,96.8730000,57649
20171129,000000,97.1970000,97.3470000,96.7020000,96.7520000,282705
20171130,000000,96.8780000,97.0390000,96.6000000,97.0000000,2195951
20171201,000000,96.7670000,97.1000000,96.7660000,97.0520000,175958
20171204,000000,96.9020000,97.0480000,96.7490000,96.9990000,38605
20171205,000000,96.7510000,97.1010000,96.5020000,97.1000000,463336
20171206,000000,96.9910000,97.1490000,96.9080000,97.0010000,314765
20171207,000000,97.0980000,97.2190000,96.9030000,96.9530000,273507
20171208,000000,97.0010000,97.2000000,96.9600000,97.1040000,48807
20171211,000000,97.0080000,97.2190000,97.0040000,97.1010000,3307
20171212,000000,97.1010000,97.3000000,96.8030000,96.9540000,1999267
20171213,000000,96.9440000,97.1950000,96.8060000,96.9500000,642169
20171214,000000,97.0110000,97.1970000,96.9500000,97.0400000,568392
20171215,000000,97.0400000,97.4000000,96.8540000,97.2060000,733066
20171218,000000,97.2090000,97.5980000,97.1400000,97.2980000,486154
20171219,000000,97.5970000,97.6000000,97.0410000,97.1750000,1884522
20171220,000000,97.5960000,97.6000000,97.1730000,97.4060000,383424
20171221,000000,97.5480000,97.5480000,97.2540000,97.3510000,118468
20171222,000000,97.5920000,97.5930000,97.2500000,97.3430000,78697
20171225,000000,97.5940000,97.5940000,97.2510000,97.3010000,43309
20171226,000000,97.3700000,97.5720000,97.1980000,97.2000000,15455
20171227,000000,97.2070000,97.5900000,97.0030000,97.1540000,248588
20171228,000000,96.7030000,97.4480000,96.7030000,97.2110000,140476
20171229,000000,97.1830000,97.4500000,97.1830000,97.2200000,40714
20180103,000000,97.3980000,97.4500000,97.3980000,97.4500000,930
20180104,000000,97.5960000,98.8000000,97.5510000,97.9400000,6038
20180105,000000,97.8970000,97.9850000,97.5320000,97.7940000,4857
20180109,000000,97.5570000,98.3480000,97.1110000,98.1460000,446781
20180110,000000,98.0000000,98.2500000,97.8000000,97.8060000,598007
20180111,000000,97.8080000,98.0000000,97.7520000,97.9100000,643256
20180112,000000,97.8510000,98.3700000,97.8500000,98.2520000,2946498
20180115,000000,98.4960000,98.6390000,98.2020000,98.3640000,2612861
20180116,000000,98.5490000,98.5640000,98.2160000,98.2590000,108609
20180117,000000,98.4980000,98.4980000,98.0030000,98.3010000,256096
20180118,000000,98.4470000,98.4470000,98.1520000,98.3100000,487335
20180119,000000,98.2110000,98.5740000,98.2110000,98.4000000,370156
20180122,000000,97.7030000,98.5850000,97.7020000,98.2410000,8784
20180123,000000,98.4830000,98.4830000,98.1010000,98.1230000,456438
20180124,000000,98.1490000,98.7000000,98.1190000,98.5960000,283379
20180125,000000,98.8010000,98.8970000,98.5010000,98.5010000,1542397
20180126,000000,98.7000000,98.7000000,98.3010000,98.3010000,369666
20180129,000000,98.3800000,98.4980000,98.2040000,98.3070000,37106
20180130,000000,98.4490000,99.1970000,98.3030000,99.0010000,3662329
20180131,000000,99.0980000,99.6870000,98.9030000,99.6010000,1260750
20180201,000000,99.6010000,99.8370000,99.4120000,99.7130000,269083
20180202,000000,99.7980000,100.0000000,99.6500000,99.8000000,782257
20180205,000000,99.7910000,100.0000000,99.6500000,99.8500000,252469
20180206,000000,99.8230000,99.8960000,99.5070000,99.7520000,2663583
20180207,000000,99.6630000,100.4380000,99.6620000,100.2540000,3706302
20180208,000000,100.0280000,100.2990000,99.9500000,100.2490000,2173581
20180209,000000,99.9130000,100.3490000,99.9020000,100.1880000,1033287
20180212,000000,100.3460000,100.3480000,100.1060000,100.2800000,97606
20180213,000000,100.2800000,100.3000000,100.1600000,100.1600000,231611
20180214,000000,100.2860000,100.3960000,100.1600000,100.2210000,1093267
20180215,000000,100.4990000,100.5000000,100.2610000,100.4500000,599110
20180216,000000,100.6440000,101.1490000,100.5500000,100.9020000,1439877
20180219,000000,100.9490000,100.9900000,100.8230000,100.8560000,25941
20180220,000000,100.8560000,100.9000000,100.5030000,100.5520000,341425
20180221,000000,100.7990000,100.9890000,100.6500000,100.9500000,209644
20180222,000000,100.9000000,100.9990000,100.6710000,100.8060000,918643
20180226,000000,100.9300000,101.4590000,100.8500000,101.1240000,1929810
20180227,000000,101.2980000,101.5000000,100.9500000,100.9670000,164254
20180228,000000,101.2230000,101.2240000,100.8580000,101.0050000,67694
20180301,000000,100.9010000,102.8900000,100.7550000,100.8000000,713327
20180302,000000,100.8020000,100.8890000,100.6080000,100.6520000,128731
20180305,000000,100.5100000,100.8500000,100.5080000,100.7530000,798311
20180306,000000,100.6460000,100.9970000,100.5990000,100.8680000,511927
20180307,000000,100.9890000,101.0500000,100.8010000,100.8210000,15006
20180309,000000,100.9970000,101.2190000,100.7050000,101.0000000,1269
20180312,000000,100.9020000,100.9990000,100.7730000,100.9020000,72570
20180313,000000,100.9000000,101.0000000,100.8010000,100.8500000,668425
20180314,000000,100.9430000,100.9470000,100.6050000,100.6620000,894881
20180315,000000,100.7340000,100.8190000,100.3730000,100.4000000,620491
20180316,000000,100.5460000,100.6450000,100.3000000,100.5120000,2119162
20180319,000000,100.3780000,100.6470000,100.3780000,100.4520000,192171
20180320,000000,100.5210000,100.8500000,100.4150000,100.8470000,1412718
20180321,000000,100.8490000,101.0990000,100.7830000,100.9000000,2899663
20180322,000000,100.8780000,101.3490000,100.8760000,101.1150000,2430176
20180323,000000,100.9710000,101.3980000,100.9660000,101.1990000,810937
20180326,000000,101.1990000,101.2490000,100.6000000,100.8810000,133809
20180327,000000,100.7410000,101.0000000,100.6410000,100.6410000,112531
20180328,000000,100.8500000,100.8510000,100.7080000,100.8150000,409674
20180329,000000,100.6330000,101.0680000,100.6190000,100.8190000,73048
20180330,000000,100.6830000,100.9000000,100.6800000,100.8500000,191267
20180402,000000,100.8990000,100.9440000,100.7950000,100.8500000,65106
20180403,000000,100.7660000,101.1210000,100.7660000,100.7770000,118868
20180404,000000,100.7010000,100.9700000,100.7010000,100.9010000,287845
20180405,000000,100.8100000,101.0990000,100.8100000,100.8830000,212488
20180406,000000,100.8700000,100.8990000,100.6010000,100.7910000,367911
20180409,000000,100.6100000,100.6100000,98.9620000,99.0340000,3739223
20180410,000000,99.1510000,99.3500000,97.0070000,97.3010000,629069
20180411,000000,97.1620000,97.7370000,93.6000000,97.6500000,362167
20180412,000000,97.7840000,98.8990000,97.7710000,98.2780000,416197
20180413,000000,98.7120000,98.7130000,97.5610000,97.9490000,778224
20180416,000000,97.1580000,98.0990000,97.0710000,97.8510000,2570840
20180417,000000,97.8610000,98.5000000,97.8520000,98.3510000,1273497
20180418,000000,98.2500000,98.8000000,98.0480000,98.6090000,1525629
20180419,000000,98.9100000,99.3500000,98.6110000,99.3000000,3173716
20180420,000000,99.4990000,99.4990000,98.8600000,99.2500000,260472
20180423,000000,99.0860000,99.3960000,98.8010000,98.9000000,2348782
20180424,000000,98.9490000,99.6500000,98.8830000,99.5500000,1348846
20180425,000000,100.0000000,102.8990000,99.2550000,99.2590000,154557
20180426,000000,99.3000000,99.3500000,98.8000000,99.0010000,1004636
20180427,000000,99.1010000,99.4870000,99.1000000,99.3630000,933144
20180428,000000,99.5790000,99.5790000,99.3330000,99.3610000,14180
20180430,000000,99.6820000,99.6820000,99.1010000,99.5000000,727
20180502,000000,99.5720000,99.8370000,99.1550000,99.8060000,989
20180503,000000,99.1770000,99.5950000,98.8090000,98.8100000,1072961
20180504,000000,99.1490000,99.1940000,98.7010000,98.9010000,1402452
20180507,000000,99.1980000,99.1980000,98.8270000,99.0020000,1216930
20180508,000000,98.9520000,99.2460000,98.1410000,98.1410000,834662
20180510,000000,99.0550000,99.1000000,98.7500000,98.8500000,494601
20180511,000000,98.9500000,99.1990000,98.8510000,99.0850000,655639
20180514,000000,99.2950000,99.2960000,98.8120000,99.0480000,130519
20180515,000000,98.8710000,99.1500000,98.6500000,98.7010000,1226410
20180516,000000,99.1890000,99.1890000,98.6760000,98.7600000,379047
20180517,000000,98.6520000,99.1330000,98.6510000,98.8520000,459136
20180518,000000,98.9410000,99.3000000,98.6500000,98.6620000,800220
20180521,000000,98.7580000,98.9780000,98.4060000,98.7010000,26341
20180522,000000,98.9170000,98.9790000,98.7510000,98.8570000,23676
20180523,000000,98.9790000,99.2500000,98.8080000,98.9510000,734571
20180524,000000,99.4460000,99.5060000,99.0040000,99.3010000,1272346
20180525,000000,99.2200000,99.3500000,99.0090000,99.0510000,407316
20180528,000000,99.2000000,99.2480000,98.9910000,99.0780000,7159
20180529,000000,99.0020000,99.0200000,98.8600000,98.8700000,679690
20180530,000000,99.0980000,99.1000000,98.8210000,98.9080000,3817
20180531,000000,99.0990000,99.1180000,98.7070000,98.7590000,1512569
20180601,000000,98.9900000,99.1000000,98.7650000,98.8030000,55846
20180604,000000,98.8050000,99.1470000,98.8040000,99.0100000,704794
20180605,000000,99.1480000,99.1490000,98.7000000,98.7010000,929003
20180606,000000,98.6520000,98.9320000,98.5010000,98.5670000,391266
20180607,000000,98.7500000,98.7820000,98.1010000,98.2010000,514057
20180608,000000,98.1820000,98.5780000,97.6000000,97.7640000,559397
20180609,000000,97.6300000,98.0810000,97.6300000,97.8500000,6512
20180611,000000,97.6310000,97.9990000,97.6310000,97.7810000,2247
20180613,000000,97.9850000,97.9890000,97.3020000,97.3090000,588723
20180614,000000,97.6690000,97.7490000,97.3090000,97.5110000,468135
20180615,000000,97.6980000,97.8220000,96.1000000,96.2250000,592614
20180618,000000,96.6630000,96.6630000,95.5000000,95.5090000,1037282
20180619,000000,95.3770000,95.7990000,94.9010000,95.5550000,1097550
20180620,000000,96.0000000,96.6500000,95.5230000,96.6500000,499850
20180621,000000,96.7090000,96.9290000,96.1750000,96.7890000,2636694
20180622,000000,96.9050000,96.9050000,96.2020000,96.7520000,338202
20180625,000000,96.4670000,97.0500000,96.4670000,96.9460000,129380
20180626,000000,97.0850000,97.2100000,96.1110000,96.1800000,396989
20180627,000000,96.1530000,96.5490000,95.9000000,96.3980000,530770
20180628,000000,96.0770000,96.4500000,95.9600000,96.4500000,419591
20180629,000000,96.6470000,96.7930000,96.4030000,96.5640000,150653
20180702,000000,96.6910000,96.8370000,96.3650000,96.5600000,333298
20180703,000000,96.5160000,96.7950000,96.4000000,96.4500000,102754
20180704,000000,96.7370000,96.7790000,96.3810000,96.5500000,8963
20180705,000000,96.7260000,96.8940000,96.3820000,96.8000000,207770
20180706,000000,96.7010000,96.9830000,96.6190000,96.7500000,700300
20180709,000000,96.8500000,97.3990000,96.8020000,97.3020000,2436891
20180710,000000,97.0010000,97.4960000,97.0010000,97.3510000,964462
20180711,000000,97.1630000,97.7790000,97.1010000,97.5020000,945928
20180712,000000,97.5010000,97.9000000,97.1640000,97.7500000,267236
20180713,000000,97.6040000,97.8900000,97.6010000,97.8000000,336699
20180716,000000,97.6060000,97.9990000,97.5050000,97.5590000,65610
20180717,000000,97.8940000,97.8940000,96.9010000,97.1000000,1071466
20180718,000000,97.3390000,97.3390000,96.7000000,96.7520000,176717
20180719,000000,96.7170000,96.7960000,96.4030000,96.4530000,3247624
20180720,000000,96.4980000,96.7970000,96.2010000,96.5020000,1046011
20180723,000000,96.6480000,96.6990000,96.4610000,96.5500000,809571
20180724,000000,96.3140000,96.8230000,96.2000000,96.5020000,168888
20180725,000000,96.4200000,96.5860000,95.9000000,96.2520000,332232
20180726,000000,96.1490000,96.5980000,96.0510000,96.2970000,2006
20180727,000000,96.0540000,96.4460000,96.0510000,96.1510000,113348
20180730,000000,96.3600000,96.5000000,96.0000000,96.3530000,327703
20180731,000000,96.1710000,96.6990000,96.1700000,96.6500000,920828
20180801,000000,96.6000000,96.6970000,96.3570000,96.4020000,18196
20180802,000000,96.6410000,96.6410000,95.7000000,95.7050000,825358
20180803,000000,95.6120000,96.0390000,95.5010000,95.7510000,72417
20180806,000000,95.6110000,95.7210000,95.1200000,95.3490000,136329
20180807,000000,95.2210000,95.6570000,95.2210000,95.5020000,250348
20180808,000000,95.4100000,95.5100000,93.9500000,94.2580000,1733328
20180809,000000,94.0520000,94.0520000,90.5150000,93.2520000,623463
20180810,000000,93.1000000,93.4870000,92.7000000,92.8500000,1672203
20180813,000000,92.8070000,93.0560000,92.0000000,92.0000000,844327
20180814,000000,92.5010000,92.9920000,92.2100000,92.4010000,214296
20180815,000000,92.5110000,92.6000000,91.8080000,91.8080000,317585
20180816,000000,92.2170000,92.2460000,91.2530000,91.5700000,514506
20180817,000000,91.7960000,91.9490000,90.5000000,90.6520000,722383
20180820,000000,91.0570000,91.2400000,90.5160000,90.5900000,101627
20180821,000000,91.0440000,91.4190000,90.5890000,91.3680000,529433
20180822,000000,91.6280000,91.6280000,90.9770000,91.0570000,212628
20180823,000000,91.2980000,91.3000000,90.5610000,90.8120000,917939
20180824,000000,90.6250000,91.2990000,90.6240000,90.9140000,109547
20180827,000000,90.9580000,91.3390000,90.7000000,90.8520000,810701
20180828,000000,91.1890000,91.2040000,90.8010000,90.9950000,1076756
20180829,000000,90.7020000,90.9970000,90.5510000,90.7500000,223702
20180830,000000,90.6530000,90.9960000,90.3510000,90.4500000,742154
20180831,000000,90.7380000,90.7490000,90.3500000,90.6000000,97178
20180903,000000,90.4420000,90.9550000,90.4420000,90.7000000,69700
20180904,000000,90.6670000,90.9540000,89.8020000,90.0900000,485052
20180905,000000,89.8170000,89.9590000,89.5000000,89.5700000,147513
20180906,000000,89.5020000,89.6470000,86.0110000,88.3960000,1854830
20180907,000000,88.4960000,88.5610000,87.5000000,87.9850000,566391
20180910,000000,87.5580000,88.0070000,87.0140000,87.8000000,2209544
20180911,000000,88.0740000,89.4890000,87.8570000,89.0010000,2502779
20180912,000000,89.0040000,89.9860000,89.0030000,89.9850000,641230
20180913,000000,90.0900000,90.2990000,89.6010000,89.9490000,3164345
20180914,000000,89.9490000,90.2000000,89.1650000,89.8100000,861768
20180917,000000,90.1150000,90.1150000,89.1310000,89.4500000,202788
20180918,000000,89.4010000,90.0490000,89.4010000,89.8000000,710702
20180919,000000,90.0490000,90.7000000,89.8000000,90.3390000,60285
20180920,000000,90.3520000,91.1000000,90.2000000,90.2840000,483707
20180921,000000,90.5920000,91.0250000,90.5910000,90.7030000,1249183
20180924,000000,91.0300000,91.4970000,90.7030000,91.2560000,1458932
20180925,000000,91.4440000,91.4440000,90.9530000,91.1500000,3059404
20180926,000000,91.2460000,91.3980000,90.9500000,91.0010000,1446140
20180927,000000,91.2690000,91.6990000,90.8750000,91.5030000,1053246
20180928,000000,91.4990000,92.1990000,91.2000000,91.4310000,63448
20181001,000000,91.9780000,92.1020000,91.5010000,92.1020000,4208487
20181002,000000,92.0990000,92.5000000,91.7720000,92.1000000,1531589
20181003,000000,92.2890000,92.2990000,91.2610000,91.8000000,1317765
20181004,000000,91.5050000,91.7490000,90.5000000,90.7000000,884157
20181005,000000,91.1470000,91.1470000,90.2030000,90.2090000,560418
20181008,000000,90.0830000,90.6880000,89.6510000,89.7550000,109571
20181009,000000,89.9490000,90.4370000,89.6810000,89.9000000,245685
20181010,000000,90.0420000,90.3560000,89.7010000,89.8330000,95985
20181011,000000,89.8040000,90.2340000,89.5550000,89.6910000,737166
20181012,000000,89.7020000,90.3990000,89.6200000,90.2020000,494958
20181015,000000,90.3910000,91.0000000,90.0850000,90.8620000,458297
20181016,000000,91.0770000,91.5500000,90.8000000,91.5000000,1000337
20181017,000000,91.2340000,91.7340000,91.0220000,91.5000000,1509688
20181018,000000,91.2340000,91.5490000,91.1260000,91.2000000,458846
20181019,000000,91.2200000,91.5310000,91.0520000,91.3520000,1241215
20181022,000000,91.5000000,92.0000000,91.2330000,91.9010000,1755659
20181023,000000,91.6020000,92.0460000,91.4320000,91.4330000,564372
20181024,000000,91.4410000,91.7500000,91.1530000,91.4030000,243099
20181025,000000,91.7470000,91.7470000,91.0040000,91.2500000,293474
20181026,000000,91.3010000,91.4970000,91.0000000,91.1800000,6633
20181029,000000,91.0040000,91.4470000,91.0020000,91.3000000,82001
20181030,000000,91.1930000,91.5990000,91.1010000,91.2020000,234371
20181031,000000,91.0750000,91.4310000,91.0700000,91.3370000,100151
20181101,000000,91.3380000,91.4490000,91.0750000,91.2000000,19891
20181102,000000,91.1990000,91.4950000,91.0700000,91.2030000,67146
20181106,000000,91.2060000,91.4650000,91.0020000,91.1640000,5439
20181107,000000,91.2210000,91.3400000,90.7500000,90.7540000,265541
20181108,000000,90.7500000,91.0960000,90.0000000,90.0700000,591006
20181109,000000,90.2410000,90.3670000,89.3010000,89.4020000,853911
20181112,000000,89.7590000,89.7940000,89.1020000,89.1250000,11344
20181113,000000,89.5000000,89.5000000,88.8110000,88.9250000,217366
20181114,000000,89.0660000,91.0000000,88.6430000,90.7330000,454249
20181115,000000,90.9990000,91.2100000,90.7720000,91.0700000,676701
20181116,000000,91.0030000,91.2940000,90.9010000,91.1500000,204786
20181119,000000,91.2000000,91.8100000,90.8120000,90.9030000,362672
20181120,000000,91.0000000,91.0860000,89.5210000,90.4520000,911605
20181121,000000,90.3050000,90.9600000,90.2600000,90.7520000,11692
20181122,000000,90.7530000,91.0000000,90.5330000,90.6560000,87660
20181123,000000,90.6010000,90.8470000,90.1200000,90.2040000,280649
20181126,000000,89.9850000,90.2960000,89.4020000,89.5550000,1312630
20181127,000000,89.9490000,90.3180000,89.6030000,89.9010000,1100234
20181128,000000,90.2080000,90.2090000,89.9020000,89.9070000,149722
20181129,000000,90.1320000,90.8990000,90.0510000,90.7100000,250397
20181130,000000,90.7110000,90.9850000,90.4600000,90.6560000,116689
20181203,000000,90.9990000,91.4000000,90.1720000,91.3000000,212813
20181204,000000,91.1270000,91.4490000,90.8020000,90.8350000,29965
20181205,000000,90.8280000,91.2010000,90.7010000,90.8010000,9402
20181206,000000,90.6070000,90.9900000,90.5000000,90.6080000,63014
20181207,000000,90.8000000,91.0000000,90.6520000,90.9210000,48146
20181210,000000,90.8110000,91.2990000,90.8060000,90.8700000,51275
20181211,000000,90.8110000,91.0500000,90.7790000,91.0000000,161553
20181212,000000,90.7500000,91.1470000,90.7500000,90.9000000,18347
20181213,000000,90.9000000,91.0980000,90.7000000,90.8050000,6269
20181214,000000,90.6290000,91.0880000,90.6020000,90.6050000,456775
20181217,000000,90.6040000,90.8000000,90.5020000,90.5500000,32771
20181218,000000,90.3520000,90.7660000,90.2210000,90.3030000,20419
20181219,000000,90.0930000,90.5890000,90.0930000,90.3010000,165310
20181220,000000,90.6250000,91.1000000,90.2630000,90.8390000,2519279
20181221,000000,90.4430000,90.8380000,90.3660000,90.4310000,659504
20181224,000000,90.5190000,90.7940000,90.3910000,90.6510000,43839
20181225,000000,90.5030000,90.6090000,90.1000000,90.4010000,39436
20181226,000000,90.6950000,90.6950000,90.3020000,90.3780000,116213
20181227,000000,90.5000000,90.9990000,90.4040000,90.7170000,274255
20181228,000000,90.8290000,91.0750000,90.5900000,90.8030000,174318
20181229,000000,90.7410000,90.9970000,90.7020000,90.9500000,48475
20190103,000000,90.9500000,91.1470000,90.8310000,91.0000000,1129
20190104,000000,90.9860000,91.1900000,90.9770000,91.1900000,2165
20190108,000000,91.1900000,91.5160000,91.0030000,91.3080000,36009
20190109,000000,91.3160000,92.3820000,91.0210000,92.2520000,328105
20190110,000000,92.6150000,92.6150000,92.1010000,92.5000000,536117
20190111,000000,92.9920000,93.0990000,92.6010000,92.8880000,1812888
20190114,000000,92.4300000,92.9980000,92.4300000,92.8060000,78638
20190115,000000,92.8060000,93.5290000,92.5730000,93.3500000,488654
20190116,000000,93.2030000,93.6970000,93.1410000,93.3740000,188705
20190117,000000,93.3750000,93.7570000,93.0200000,93.3350000,911447
20190118,000000,93.1600000,93.5280000,93.1600000,93.2630000,810853
20190121,000000,93.1930000,93.5360000,93.1870000,93.3240000,760534
20190122,000000,93.4290000,93.4290000,93.1010000,93.1520000,13654
20190123,000000,93.2480000,93.5000000,93.0210000,93.2500000,533178
20190124,000000,93.2530000,93.6000000,93.2520000,93.4520000,674299
20190125,000000,93.7300000,93.7470000,93.2000000,93.2000000,203701
20190128,000000,93.4950000,93.4950000,93.0500000,93.1070000,298341
20190129,000000,93.1070000,93.2010000,92.7720000,93.0540000,25825
20190130,000000,93.1840000,93.3890000,93.0020000,93.2710000,143433
20190131,000000,93.4000000,94.4500000,93.4000000,94.1240000,2655971
20190201,000000,94.2490000,94.3420000,94.0000000,94.2100000,335225
20190204,000000,93.8840000,94.3890000,93.8790000,94.1010000,320047
20190205,000000,94.0130000,94.4280000,94.0120000,94.3600000,77348
20190206,000000,94.4690000,94.5000000,94.1270000,94.2200000,600771
20190207,000000,94.1060000,94.3940000,93.9310000,94.0000000,291253
20190208,000000,94.0010000,94.2000000,93.7570000,94.0530000,251431
20190211,000000,94.4670000,94.4670000,93.7060000,93.8020000,56948
20190212,000000,93.5030000,94.1360000,93.5030000,93.8000000,375736
20190213,000000,94.0180000,94.0190000,93.3220000,93.3240000,88060
20190214,000000,92.7610000,93.3500000,92.0600000,92.8010000,625067
20190215,000000,92.9430000,93.4950000,92.8000000,93.3010000,476877
20190218,000000,93.2010000,93.5440000,93.0730000,93.3030000,367809
20190219,000000,93.3020000,93.4490000,92.9050000,93.0510000,216913
20190220,000000,92.9030000,93.2980000,92.9010000,93.1020000,1118307
20190221,000000,93.2400000,93.4060000,93.0470000,93.2520000,308672
20190222,000000,93.1100000,93.4840000,93.1100000,93.3020000,580128
20190225,000000,93.3020000,93.7990000,93.2040000,93.6510000,119863
20190226,000000,93.6170000,93.7000000,93.4000000,93.4010000,196918
20190227,000000,93.2050000,93.5420000,93.0210000,93.1010000,305027
20190228,000000,93.5000000,93.6470000,92.9260000,93.3510000,172645
20190301,000000,93.5930000,93.5980000,93.3480000,93.5030000,94673
20190304,000000,93.9990000,93.9990000,93.3500000,93.3750000,106662
20190305,000000,93.9890000,93.9890000,93.3300000,93.3530000,698269
20190306,000000,93.2020000,93.5350000,93.1210000,93.1520000,280821
20190307,000000,93.4160000,93.4160000,93.1010000,93.1220000,57509
20190311,000000,93.4180000,93.5180000,92.9260000,93.3510000,75871
20190312,000000,93.6260000,93.6270000,93.2520000,93.5010000,373963
20190313,000000,93.5000000,93.7780000,93.3210000,93.5000000,1191558
20190314,000000,93.7930000,94.2700000,93.4000000,93.4000000,443487
20190315,000000,93.6470000,93.6480000,93.3300000,93.4140000,175896
20190318,000000,93.4130000,94.1400000,93.4130000,94.0010000,261730
20190319,000000,94.0330000,94.3500000,94.0110000,94.1190000,138844
20190320,000000,94.1980000,94.2030000,93.9020000,94.0600000,280010
20190321,000000,94.4470000,94.8500000,94.4460000,94.7000000,174146
20190322,000000,94.9880000,94.9880000,94.1240000,94.1240000,385230
20190325,000000,94.1230000,94.7980000,94.1220000,94.7000000,31793
20190326,000000,94.7010000,94.8080000,94.2560000,94.4020000,508998
20190327,000000,94.7560000,94.9990000,93.9540000,94.1520000,84650
20190328,000000,94.3400000,94.3400000,93.7490000,93.9500000,602969
20190329,000000,94.1970000,94.2260000,93.3010000,93.3010000,110342
20190401,000000,93.9000000,93.9000000,93.3020000,93.6010000,90141
20190402,000000,93.5240000,93.6420000,93.4490000,93.4530000,407995
20190403,000000,93.5490000,93.7890000,93.4000000,93.5010000,53540
20190404,000000,93.4020000,93.6470000,93.2710000,93.5010000,733378
20190405,000000,93.4820000,93.8980000,93.4310000,93.7030000,17938
20190408,000000,93.9980000,94.0250000,93.6820000,94.0020000,8950
20190409,000000,93.9510000,94.2540000,93.9010000,93.9010000,334728
20190410,000000,94.0610000,94.3630000,93.9510000,94.3010000,1391110
20190411,000000,94.2020000,94.4820000,94.2010000,94.4010000,945658
20190412,000000,94.4090000,94.5890000,94.1000000,94.3520000,462574
20190415,000000,94.2940000,94.5400000,94.1510000,94.2010000,1793445
20190416,000000,94.3000000,94.3180000,94.0210000,94.2100000,627975
20190417,000000,94.3500000,94.4900000,94.2600000,94.3020000,117825
20190418,000000,94.2940000,94.3870000,94.0010000,94.1090000,1844
20190419,000000,94.0560000,94.3780000,94.0020000,94.0040000,17058
20190422,000000,94.0050000,94.4370000,94.0050000,94.1470000,12493
20190423,000000,94.3450000,94.3460000,94.0090000,94.0830000,183395
20190424,000000,94.0110000,94.2500000,93.6000000,94.2490000,8806
20190425,000000,93.9020000,94.1970000,93.9010000,94.0010000,1482635
20190426,000000,93.9900000,94.3900000,93.9900000,94.2010000,507979
20190429,000000,94.2010000,94.6280000,94.1200000,94.5520000,15839
20190430,000000,94.4720000,94.8370000,94.3510000,94.6500000,10718
20190502,000000,94.7980000,94.7980000,94.5030000,94.7750000,173
20190503,000000,94.7740000,94.7740000,94.5220000,94.7450000,200
20190506,000000,94.5710000,94.6990000,94.5000000,94.5950000,2509
20190507,000000,94.4940000,94.7860000,94.4210000,94.7860000,470096
20190508,000000,94.7500000,94.8490000,94.5600000,94.8490000,5554
20190510,000000,94.7070000,94.7900000,94.6090000,94.7880000,315
20190513,000000,94.6090000,94.7970000,94.2000000,94.5910000,16090
20190514,000000,94.4620000,94.6950000,94.4620000,94.6900000,3487
20190515,000000,94.5350000,94.7550000,94.5350000,94.6910000,3583
20190516,000000,94.7500000,95.1480000,94.7120000,94.9480000,103385
20190517,000000,94.7950000,95.3200000,94.7040000,95.1830000,305268
20190520,000000,95.1850000,95.3630000,95.1850000,95.2060000,9720
20190521,000000,95.2890000,95.6000000,95.2000000,95.4000000,56896
20190522,000000,95.3430000,96.2000000,95.3430000,96.1000000,34686
20190523,000000,95.7270000,96.1690000,95.5510000,95.6520000,1528627
20190524,000000,95.9570000,96.0000000,95.5930000,95.8540000,51121
20190527,000000,96.0950000,96.0950000,95.5900000,95.7610000,3616
20190528,000000,95.6500000,95.9970000,95.6500000,95.8140000,4401
20190529,000000,95.7010000,95.9890000,95.6500000,95.6600000,393608
20190530,000000,95.8380000,96.1490000,95.6300000,95.9130000,84812
20190531,000000,95.7120000,96.0990000,95.6510000,95.9210000,95428
20190603,000000,95.9000000,95.9840000,95.5800000,95.6200000,6155
20190604,000000,95.6500000,96.1720000,95.5810000,96.1020000,23848
20190605,000000,95.9130000,96.8360000,95.9130000,96.6020000,133359
20190606,000000,96.8910000,97.1000000,96.5610000,96.9150000,22109
20190607,000000,96.9020000,97.1860000,96.9020000,97.1010000,4806
20190610,000000,96.9830000,97.2950000,96.9830000,97.2000000,4043
20190611,000000,97.2990000,97.6000000,97.0360000,97.3220000,73572
20190613,000000,97.4800000,97.4850000,97.1310000,97.3400000,19525
20190614,000000,97.6090000,97.6090000,97.1720000,97.4050000,37397
20190617,000000,97.5620000,97.7340000,97.4100000,97.5810000,31084
20190618,000000,97.5170000,98.1090000,97.5000000,97.9530000,173982
20190619,000000,98.1990000,98.6010000,97.8040000,98.5500000,208582
20190620,000000,98.6430000,99.3000000,98.6430000,98.9570000,364103
20190621,000000,98.8550000,99.0000000,98.2100000,98.4470000,745052
20190624,000000,97.5100000,99.0600000,97.5100000,98.7520000,11332
20190625,000000,98.7700000,99.2100000,98.5070000,98.7010000,485843
20190626,000000,98.5040000,98.9000000,98.5040000,98.6000000,478746
20190627,000000,98.6000000,98.7700000,98.3500000,98.5210000,444423
20190628,000000,98.7680000,98.8710000,98.3820000,98.6660000,95708
20190701,000000,98.7010000,99.1700000,98.5230000,98.9550000,109029
20190702,000000,99.0800000,99.1850000,98.7680000,98.7700000,1640
20190703,000000,98.9980000,99.0000000,98.7720000,98.9840000,159111
20190704,000000,99.0990000,99.2990000,98.7790000,99.0020000,92435
20190705,000000,99.0980000,99.2500000,98.8510000,98.9590000,122718
20190708,000000,99.0000000,99.2200000,98.8040000,99.1000000,317481
20190709,000000,99.1950000,99.1950000,98.8810000,98.9620000,989942
20190710,000000,99.1560000,99.3580000,98.9650000,99.1830000,54461
20190711,000000,99.3480000,99.5000000,99.1830000,99.2890000,316460
20190712,000000,99.3260000,99.3260000,98.9020000,98.9050000,768532
20190715,000000,98.8800000,99.2290000,98.8000000,98.9230000,11635
20190716,000000,99.0950000,99.0970000,98.8010000,98.9020000,54110
20190717,000000,99.0900000,99.1490000,98.8250000,99.0020000,23727
20190718,000000,99.1000000,99.2220000,98.8000000,98.9000000,8263
20190719,000000,98.9510000,99.2260000,98.8810000,99.0540000,287009
20190722,000000,99.0590000,99.6400000,99.0590000,99.5010000,530734
20190723,000000,99.0610000,99.6500000,99.0610000,99.6200000,177533
20190724,000000,99.6450000,99.9980000,99.5010000,99.8510000,46481
20190725,000000,99.7100000,100.3000000,99.7100000,100.1500000,235891
20190726,000000,100.0000000,100.3600000,99.7000000,99.7510000,58859
20190729,000000,99.7000000,100.0210000,99.5200000,99.7030000,58576
20190730,000000,99.4010000,99.8980000,99.4010000,99.6760000,322802
20190731,000000,99.5120000,100.0000000,99.5090000,99.8040000,512231
20190801,000000,99.9990000,99.9990000,99.5020000,99.7010000,853093
20190802,000000,99.7090000,99.7090000,98.6710000,98.6950000,201999
20190805,000000,99.1980000,99.8390000,98.4000000,99.1650000,14485
20190806,000000,99.6080000,99.7760000,99.1010000,99.6100000,371700
20190807,000000,99.6970000,99.8770000,99.4790000,99.6660000,190214
20190808,000000,99.8980000,99.9400000,99.6680000,99.6810000,4833934
20190809,000000,99.7990000,99.7990000,99.5200000,99.5300000,5142
20190812,000000,99.7400000,99.7480000,99.3020000,99.3210000,161725
20190813,000000,99.5970000,99.5990000,99.1520000,99.3060000,365639
20190814,000000,99.5990000,99.8990000,99.2040000,99.3510000,501993
20190815,000000,99.6970000,99.6970000,99.2120000,99.4060000,226597
20190816,000000,99.2810000,99.6490000,99.2810000,99.4520000,111864
20190819,000000,99.3840000,99.7490000,99.3830000,99.4200000,17747
20190820,000000,99.5970000,99.9900000,99.4530000,99.8000000,86760
20190821,000000,99.6570000,100.3000000,99.6560000,100.2000000,1459105
20190822,000000,99.6670000,100.3570000,99.6670000,100.2510000,302943
20190823,000000,100.0040000,100.3090000,100.0040000,100.0710000,74526
20190826,000000,100.0110000,100.3580000,99.9010000,100.0130000,5280
20190827,000000,100.1770000,100.3490000,99.6710000,100.1010000,12529
20190828,000000,100.2500000,100.4290000,100.0090000,100.3110000,101913
20190829,000000,100.4500000,100.4500000,100.0210000,100.3800000,11304
20190830,000000,100.4840000,100.9000000,100.4840000,100.8500000,93334
20190902,000000,100.8510000,101.1540000,100.7510000,100.9510000,205273
20190903,000000,100.9070000,101.1950000,100.9070000,100.9160000,904313
20190904,000000,101.0980000,101.5990000,101.0980000,101.4010000,325548
20190905,000000,101.2090000,101.6490000,101.2090000,101.4320000,3562
20190906,000000,101.4270000,101.8870000,101.2020000,101.2530000,9335
20190909,000000,101.2630000,101.6560000,101.2010000,101.2020000,822
20190910,000000,101.2010000,101.6920000,100.8000000,101.2100000,13519
20190911,000000,101.2110000,101.6910000,100.8110000,101.2120000,212539
20190912,000000,101.2540000,101.6000000,100.8650000,101.5080000,384421
20190913,000000,100.9160000,101.8080000,100.9160000,101.5130000,67622
20190916,000000,101.2620000,101.7990000,101.2620000,101.4950000,57464
20190917,000000,101.4900000,101.4960000,101.1030000,101.1030000,336797
20190918,000000,101.0020000,101.4080000,100.9500000,101.2700000,201450
20190919,000000,101.2500000,101.4990000,101.2220000,101.4960000,439118
20190920,000000,101.4000000,101.4980000,101.2030000,101.4790000,67632
20190923,000000,101.7970000,101.7970000,101.3320000,101.4650000,3984
20190924,000000,101.4930000,101.5500000,101.3510000,101.4490000,46589
20190925,000000,101.2590000,101.5190000,101.2010000,101.2530000,3129
20190926,000000,101.4130000,101.5880000,101.2060000,101.3770000,13629
20190927,000000,101.3720000,101.4110000,101.2060000,101.4100000,7243
20190930,000000,101.2060000,101.4980000,101.2060000,101.3570000,104299
20191001,000000,101.4930000,101.4930000,101.2060000,101.3000000,15680
20191002,000000,101.4540000,101.4560000,101.2550000,101.3000000,357578
20191003,000000,101.3890000,101.3900000,101.0950000,101.3050000,8114
20191004,000000,101.1520000,101.9000000,101.1520000,101.8130000,1364138
20191007,000000,101.6830000,102.6590000,101.6830000,102.3000000,468397
20191008,000000,102.5090000,102.5100000,102.2000000,102.2000000,1606
20191009,000000,102.3990000,102.4880000,102.0730000,102.4000000,1077
20191010,000000,102.4830000,103.3560000,102.2190000,103.1210000,5988
20191011,000000,103.0110000,103.3550000,103.0110000,103.2600000,57943
20191014,000000,103.1900000,103.5970000,103.0360000,103.4510000,15327
20191015,000000,103.4510000,103.5600000,103.3330000,103.4010000,107558
20191016,000000,103.6320000,103.6320000,103.1650000,103.3700000,163559
20191017,000000,103.3700000,103.5990000,103.1030000,103.4530000,63188
20191018,000000,103.4530000,104.2620000,103.4530000,104.0510000,119171
20191021,000000,103.8610000,104.5540000,103.8610000,104.4000000,89874
20191022,000000,104.5030000,104.7420000,104.1560000,104.6040000,4574
20191023,000000,104.7410000,104.8890000,104.5580000,104.6520000,13335
20191024,000000,104.5310000,104.8600000,104.3560000,104.6000000,150394
20191025,000000,104.7500000,105.3040000,104.3210000,104.8530000,177979
20191028,000000,104.6000000,105.2980000,104.6000000,105.2420000,6400
20191029,000000,105.2930000,105.3000000,104.9950000,105.0050000,20114
20191030,000000,104.9960000,105.3040000,104.7030000,104.7450000,19593
20191031,000000,105.2370000,105.2370000,104.4600000,104.7000000,49622
20191101,000000,104.9500000,105.5000000,104.4040000,105.2110000,11184
20191105,000000,105.4990000,105.7090000,104.7010000,105.1000000,112313
20191106,000000,105.5410000,105.5770000,105.0520000,105.2480000,12161
20191107,000000,105.2460000,105.5480000,105.1530000,105.4120000,68468
20191108,000000,105.3020000,105.4980000,105.0000000,105.2000000,122082
20191111,000000,105.0010000,105.2000000,104.7000000,104.9000000,111985
20191112,000000,105.2520000,105.2520000,104.6040000,104.6310000,102775
20191113,000000,104.4480000,104.9300000,104.2920000,104.3500000,206879
20191114,000000,104.3220000,104.8940000,104.3210000,104.7970000,13619
20191115,000000,104.6000000,104.9910000,104.5970000,104.9500000,82489
20191118,000000,104.8110000,105.2100000,104.8110000,104.8440000,3360
20191119,000000,105.0000000,105.4470000,104.7930000,105.3000000,43283
20191120,000000,105.5970000,105.5970000,104.5000000,105.4000000,35490
20191121,000000,105.3300000,105.6500000,105.2100000,105.3520000,11636
20191122,000000,105.5470000,105.5500000,105.2060000,105.3680000,5294
20191125,000000,105.2630000,105.6970000,105.0310000,105.4030000,57398
20191126,000000,105.0310000,105.4180000,105.0300000,105.0910000,60325
20191127,000000,105.4410000,105.5440000,105.0940000,105.1040000,507073
20191128,000000,105.0130000,105.4430000,105.0130000,105.0400000,831
20191129,000000,105.3500000,105.3500000,104.9070000,104.9600000,12767
20191202,000000,104.8410000,105.3380000,104.6500000,104.8500000,52196
20191203,000000,105.2850000,105.2850000,104.8910000,104.9300000,35900
20191204,000000,105.1970000,105.2190000,104.7210000,105.2190000,110919
20191205,000000,105.2300000,105.3800000,104.8520000,105.1960000,34458
20191206,000000,104.8510000,105.3140000,104.8340000,105.1980000,101257
20191209,000000,105.2680000,105.2690000,104.8510000,105.1960000,9965
20191210,000000,105.2000000,105.2000000,104.9040000,105.0540000,34405
20191211,000000,104.9240000,105.2200000,104.8510000,104.8760000,26689
20191212,000000,105.2410000,105.4000000,104.8020000,105.3890000,102620
20191213,000000,105.5450000,105.7000000,104.9850000,104.9850000,63809
20191216,000000,105.4540000,105.4990000,104.9760000,105.3990000,9031
20191217,000000,105.0560000,105.6930000,105.0560000,105.4970000,9245
20191218,000000,105.0280000,105.6860000,105.0280000,105.4940000,18905
20191219,000000,105.6950000,105.6950000,105.1110000,105.2350000,411097
20191220,000000,105.6890000,105.6890000,105.0080000,105.3400000,3493
20191223,000000,105.0910000,105.4620000,105.0910000,105.1870000,23252
20191224,000000,105.1870000,105.5090000,105.1870000,105.4930000,14741
20191225,000000,105.6080000,105.6100000,105.2170000,105.5470000,2008
20191226,000000,105.6000000,105.6000000,105.2900000,105.5800000,5158
20191227,000000,105.2650000,105.7570000,105.2650000,105.6000000,160679
20191230,000000,105.3530000,105.8000000,105.3520000,105.7540000,4359
20200103,000000,105.8000000,105.9490000,105.4660000,105.7000000,15910
20200106,000000,105.4630000,105.9550000,105.4630000,105.7000000,816
20200108,000000,105.5230000,105.8630000,105.5230000,105.5700000,730
20200109,000000,105.7980000,105.9090000,105.6010000,105.8970000,155874
20200110,000000,105.6380000,106.3550000,105.6380000,106.3020000,72691
20200113,000000,105.8510000,106.9920000,105.8510000,106.5020000,4939
20200114,000000,106.5010000,106.8000000,106.3730000,106.6940000,24517
20200115,000000,106.3720000,106.6970000,106.0970000,106.2050000,119567
20200116,000000,106.5290000,106.5400000,106.3020000,106.5350000,35610
20200117,000000,106.6930000,106.6950000,106.3240000,106.6690000,4607
20200120,000000,106.6090000,106.6950000,106.4400000,106.6700000,3919
20200121,000000,106.4850000,106.7090000,106.4850000,106.5990000,6193
20200122,000000,106.6870000,106.7400000,106.3510000,106.6490000,9511
20200123,000000,106.8250000,106.8250000,106.5020000,106.6500000,8773
20200124,000000,106.7970000,106.8000000,106.4000000,106.8000000,8103
20200127,000000,106.4810000,106.5170000,106.1230000,106.1260000,11188
20200128,000000,106.3980000,106.5970000,105.8100000,106.2060000,32926
20200129,000000,105.9730000,106.4210000,105.9710000,106.3250000,10939
20200130,000000,106.3250000,106.4400000,106.0210000,106.3800000,26132
20200131,000000,106.1080000,106.6300000,106.1080000,106.1800000,45236
20200203,000000,106.1210000,106.3700000,106.0200000,106.1980000,18242
20200204,000000,106.2000000,106.4460000,106.1010000,106.4460000,4885
20200205,000000,106.4790000,106.8200000,106.2150000,106.7480000,77250
20200206,000000,106.8260000,106.8270000,106.4970000,106.6260000,3303
20200207,000000,106.6990000,107.0670000,106.4110000,106.7700000,38752
20200210,000000,106.7710000,107.0940000,106.6510000,106.7730000,137101
20200211,000000,106.6600000,107.0600000,106.5650000,106.9400000,7255
20200212,000000,106.7340000,107.4920000,106.7340000,107.4920000,64372
20200213,000000,107.1570000,107.6950000,107.1520000,107.5020000,3693
20200214,000000,107.7490000,107.8540000,107.4040000,107.8540000,2043
20200217,000000,108.1190000,108.1190000,107.6510000,108.0090000,9044
20200218,000000,108.0490000,108.0490000,107.6010000,107.9060000,62297
20200219,000000,107.1070000,108.3690000,107.1070000,108.3690000,152516
20200220,000000,107.9740000,108.6460000,107.9740000,108.5440000,238733
20200221,000000,108.5470000,108.5470000,108.1950000,108.3570000,13185
20200225,000000,108.2490000,108.2490000,107.6000000,107.7280000,214908
20200226,000000,107.2060000,107.7260000,107.0810000,107.5000000,52644
20200227,000000,107.4480000,107.5590000,106.2000000,106.2010000,463684
20200228,000000,106.4840000,107.7990000,103.7510000,105.0500000,312200
20200302,000000,104.5010000,106.3480000,104.5010000,105.1840000,28737
20200303,000000,105.9950000,106.7630000,105.4180000,106.7630000,314234
20200304,000000,106.0000000,107.9990000,106.0000000,107.8510000,188859
20200305,000000,108.0760000,108.2500000,107.0000000,107.0000000,62300
20200306,000000,107.0090000,107.0090000,104.2110000,105.1230000,43150
20200310,000000,101.4270000,103.5100000,99.8990000,101.8000000,762323
20200311,000000,101.5130000,102.8490000,100.1140000,100.1150000,141033
20200312,000000,99.0010000,100.9570000,95.3410000,95.9990000,573280
20200313,000000,96.9280000,98.7000000,96.0610000,97.4990000,1289026
20200316,000000,97.7790000,97.7790000,95.2100000,95.8000000,138473
20200317,000000,96.4990000,97.7780000,95.2600000,96.3090000,339494
20200318,000000,95.3910000,95.9980000,93.5300000,93.5300000,305993
20200319,000000,97.1100000,97.1100000,93.5000000,95.3490000,414430
20200320,000000,95.9980000,98.4370000,95.3490000,97.4080000,275701
20200323,000000,96.7140000,98.2890000,96.0130000,98.1980000,48887
20200324,000000,98.5010000,101.2990000,98.5010000,100.4000000,1446252
20200325,000000,101.4790000,101.5320000,99.0110000,100.0010000,1201595
20200326,000000,100.7070000,101.3990000,99.8000000,100.8350000,223578
20200327,000000,100.8000000,101.9600000,100.7000000,101.1700000,89476
20200330,000000,100.9100000,101.7480000,99.6300000,101.5730000,31198
20200331,000000,100.7710000,103.0990000,100.7710000,102.5690000,16080
20200401,000000,102.5690000,102.7400000,102.1340000,102.6280000,13426
20200402,000000,102.9370000,103.2900000,101.5010000,102.0000000,83854
20200403,000000,102.0100000,103.0000000,101.5340000,102.2610000,310565
20200406,000000,102.9170000,103.0290000,102.2620000,102.9900000,52321
20200407,000000,102.7730000,103.2880000,102.5070000,102.9890000,59485
20200408,000000,102.9990000,103.0000000,102.4220000,102.8550000,9940
20200409,000000,103.2490000,103.4600000,102.6600000,103.0140000,104609
20200410,000000,103.1210000,103.4880000,103.1210000,103.4470000,1467
20200413,000000,103.6300000,103.7970000,103.2700000,103.5320000,7635
20200414,000000,103.3760000,103.7780000,103.2110000,103.4270000,12264
20200415,000000,103.2150000,103.5070000,102.7410000,102.8150000,48417
20200416,000000,102.9390000,103.7790000,102.6500000,103.6100000,63592
20200417,000000,103.6000000,106.0090000,103.6000000,106.0090000,25631
20200420,000000,106.2870000,106.8880000,105.7520000,106.6000000,18249
20200421,000000,106.3910000,106.9090000,105.3810000,105.7290000,36953
20200422,000000,105.6900000,106.6330000,105.3900000,106.6330000,164141
20200423,000000,106.6210000,107.3500000,106.6200000,107.2880000,14968
20200424,000000,107.3430000,108.2500000,107.0700000,107.8470000,1258614
20200427,000000,107.8020000,108.0590000,107.5850000,107.6990000,3185
20200428,000000,107.7960000,107.9080000,107.2870000,107.7050000,15806
20200429,000000,107.5810000,107.9850000,107.5010000,107.5020000,214754
20200430,000000,107.4600000,107.9350000,107.4110000,107.7980000,16736
20200504,000000,107.8900000,107.8900000,107.4130000,107.8790000,617
20200505,000000,107.9000000,108.0820000,107.7580000,107.8200000,32983
20200506,000000,107.2000000,107.9790000,106.6000000,107.6960000,138581
20200507,000000,107.6530000,107.7980000,107.5080000,107.6500000,113941
20200508,000000,107.7980000,109.2100000,107.5550000,108.6090000,21287
20200512,000000,108.6970000,109.1480000,108.5000000,109.1100000,264203
20200513,000000,109.1110000,109.3480000,108.9400000,109.0090000,81484
20200514,000000,109.3380000,109.7490000,108.8770000,109.6990000,304521
20200515,000000,109.9990000,111.3400000,109.5800000,111.1400000,102827
20200518,000000,112.0450000,112.0450000,111.2320000,111.5510000,25818
20200519,000000,111.3710000,111.7090000,111.1520000,111.5000000,72770
20200520,000000,111.6370000,112.2890000,111.3180000,111.9990000,56427
20200521,000000,111.5590000,112.1220000,111.5590000,111.8500000,81935
20200522,000000,111.9790000,112.0400000,111.4130000,111.6000000,68463
20200525,000000,111.4890000,111.8490000,111.3530000,111.6020000,60623
20200526,000000,111.7480000,111.9450000,111.5100000,111.5100000,68433
20200527,000000,111.9050000,111.9050000,111.4130000,111.4990000,131681
20200528,000000,111.3790000,111.5050000,111.0130000,111.4780000,30062
20200529,000000,111.4970000,111.7500000,111.2900000,111.5150000,8091
20200601,000000,111.5990000,111.8900000,111.5130000,111.7600000,2786
20200602,000000,111.4900000,111.8490000,111.3510000,111.5840000,227912
20200603,000000,111.6920000,111.6920000,111.0500000,111.2740000,255186
20200604,000000,111.2730000,111.2730000,110.2900000,110.7500000,59218
20200605,000000,110.8760000,111.2930000,106.4560000,110.4000000,215904
20200608,000000,110.4000000,110.6900000,109.8750000,109.8750000,17751
20200609,000000,109.8990000,110.7970000,109.6710000,110.7970000,63883
20200610,000000,110.7980000,111.1990000,110.5560000,110.9970000,12404
20200611,000000,110.8990000,111.1690000,110.6070000,110.9700000,80646
20200615,000000,110.9890000,110.9890000,110.2110000,110.8020000,94586
20200616,000000,110.9870000,111.3990000,110.8650000,111.3090000,3023
20200617,000000,111.2070000,111.7600000,111.2070000,111.4030000,20043
20200618,000000,111.4120000,111.8000000,111.4120000,111.7990000,189942
20200619,000000,111.8990000,112.3000000,111.7010000,111.8010000,25150
20200622,000000,111.8020000,112.2040000,111.0010000,111.3580000,64732
20200623,000000,111.3980000,111.3990000,110.8980000,110.9620000,8122
20200625,000000,111.0880000,111.0880000,110.3300000,110.6900000,100985
20200626,000000,109.5000000,110.9500000,107.1070000,110.6490000,127764
20200629,000000,110.3710000,110.8940000,110.3710000,110.5870000,846868
20200630,000000,110.5900000,110.5940000,108.9200000,109.3680000,20613
20200702,000000,110.0000000,110.0000000,109.0010000,109.7050000,290114
20200703,000000,109.3740000,109.8260000,108.4730000,108.7890000,86451
20200706,000000,109.0970000,109.0970000,108.3740000,108.8450000,23364
20200707,000000,108.9160000,109.4980000,108.1090000,109.4550000,17406
20200708,000000,108.9510000,109.7700000,108.9510000,109.5930000,37715
20200709,000000,109.7770000,110.3290000,109.4530000,109.9000000,101524
20200710,000000,110.0270000,110.0270000,109.3960000,109.5790000,6376
20200713,000000,109.8170000,109.8790000,109.3640000,109.8120000,7221
20200714,000000,109.8970000,109.9800000,109.4700000,109.9780000,2997
20200715,000000,110.0290000,110.0290000,109.4230000,109.7810000,114648
20200716,000000,109.0000000,109.8760000,109.0000000,109.6150000,2589
20200717,000000,109.5510000,109.7480000,109.3550000,109.7000000,32714
20200720,000000,109.9400000,110.1000000,109.4870000,109.7900000,2349
20200721,000000,110.1890000,110.3910000,109.7680000,110.0870000,2729
20200722,000000,109.7900000,110.3860000,109.6030000,110.1500000,1767070
20200723,000000,110.4260000,110.4260000,110.0500000,110.0990000,43037
20200724,000000,110.2390000,110.2490000,109.4990000,110.0500000,73840
20200727,000000,109.6010000,110.1990000,109.6010000,109.9990000,44143
20200728,000000,109.5790000,109.9900000,109.5790000,109.5910000,7547
20200729,000000,109.7000000,109.8960000,109.1510000,109.6050000,58965
20200730,000000,109.2540000,109.6920000,108.8100000,109.1250000,47929
20200731,000000,108.9710000,109.4280000,108.8710000,108.9830000,35172
20200803,000000,109.8890000,109.8890000,108.9610000,109.5960000,569072
20200804,000000,109.7450000,109.7450000,109.2990000,109.6930000,13283
20200805,000000,109.9000000,109.9000000,109.4120000,109.5730000,2221
20200806,000000,109.8590000,109.8590000,109.1740000,109.4970000,10654
20200807,000000,109.2000000,109.6930000,108.7020000,109.2400000,110611
20200810,000000,109.5650000,109.5650000,108.7000000,109.1120000,25097
20200811,000000,109.4570000,109.5080000,109.0510000,109.2980000,6534
20200812,000000,108.9500000,109.4210000,108.9500000,109.2160000,46022
20200813,000000,109.5680000,109.5680000,108.7050000,108.8610000,4807
20200814,000000,109.1190000,109.1480000,108.5000000,108.6920000,15485
20200817,000000,108.4050000,108.7190000,107.0720000,107.3170000,71060
20200818,000000,109.3500000,109.3500000,106.9000000,108.2080000,77181
20200819,000000,108.5000000,108.6000000,107.7350000,108.6000000,3154
20200820,000000,108.1420000,108.6000000,107.8210000,108.0430000,93051
20200821,000000,108.4090000,108.4090000,107.3000000,107.6900000,206628
20200824,000000,107.0590000,108.1040000,107.0590000,107.8400000,3503
20200825,000000,108.0890000,108.0890000,107.2560000,107.8180000,8815
20200826,000000,107.7380000,107.7400000,107.2830000,107.5900000,1641
20200827,000000,107.5280000,108.0230000,107.5280000,107.7520000,41123
20200828,000000,107.8480000,108.1580000,107.6550000,108.1580000,17774
20200831,000000,108.0000000,108.9990000,107.8210000,107.8640000,47351
20200901,000000,108.0500000,108.3090000,108.0500000,108.1500000,19224
20200902,000000,107.7510000,108.4010000,107.4020000,107.4040000,32280
20200903,000000,107.6280000,107.7810000,107.2460000,107.4420000,17693
20200904,000000,107.2500000,107.6790000,107.2500000,107.5380000,87997
20200907,000000,107.2520000,107.5790000,107.1600000,107.3960000,7476
20200908,000000,107.1510000,107.3990000,106.7650000,106.7650000,7612
20200909,000000,107.0750000,107.2990000,106.7020000,107.2990000,704678
20200910,000000,107.3870000,107.6790000,107.0140000,107.5980000,5955
20200911,000000,107.7750000,107.7800000,107.0010000,107.0010000,4240
20200914,000000,107.3260000,107.3270000,107.0210000,107.1900000,2065
20200915,000000,107.3200000,107.6000000,107.0050000,107.5000000,160343
20200916,000000,108.0000000,108.0000000,107.0960000,107.2500000,186345
20200917,000000,107.1110000,107.5280000,107.0510000,107.5280000,1134
20200918,000000,107.0760000,107.5300000,107.0760000,107.4000000,1640
20200921,000000,106.2560000,107.6990000,106.2560000,106.6520000,5791
20200922,000000,106.4510000,106.9100000,106.4510000,106.7300000,208389
20200923,000000,107.5000000,107.5000000,106.5520000,106.7030000,2813
20200924,000000,106.8590000,106.8590000,106.4600000,106.6710000,4455
20200925,000000,106.9980000,106.9980000,105.1110000,106.5990000,72419
20200928,000000,106.7180000,106.7180000,106.1240000,106.4490000,3219
20200929,000000,106.5290000,106.6490000,106.0780000,106.6490000,819827
20200930,000000,106.2750000,107.0300000,106.2750000,106.8200000,273140
20201001,000000,107.0300000,107.3990000,106.8200000,107.2990000,11338
20201002,000000,107.2300000,107.4990000,106.8050000,107.3800000,7383
20201005,000000,107.1210000,107.4990000,107.1090000,107.3580000,10107
20201006,000000,107.5000000,107.9180000,107.1140000,107.7490000,1174705
20201007,000000,107.5310000,107.9990000,107.5310000,107.8690000,410622
20201008,000000,107.5030000,108.8000000,107.5030000,108.4210000,81435
20201009,000000,108.2900000,108.7700000,108.2350000,108.4160000,105263
20201012,000000,108.0070000,108.7350000,108.0070000,108.5500000,1602
20201013,000000,108.4990000,108.9100000,108.2130000,108.5600000,12945
20201014,000000,109.1000000,109.1000000,108.2530000,108.5180000,16422
20201015,000000,108.5790000,108.5800000,108.1000000,108.2410000,50760
20201016,000000,108.0020000,108.5350000,107.9790000,108.2130000,12140
20201019,000000,108.4590000,108.7000000,108.0260000,108.5000000,27084
20201020,000000,108.3810000,108.7690000,108.2810000,108.4020000,739
20201021,000000,108.0020000,108.7740000,108.0020000,108.4800000,829
20201022,000000,108.0000000,108.5500000,108.0000000,108.5500000,4964
20201023,000000,108.7520000,108.7520000,108.3610000,108.5730000,11880
20201026,000000,108.2180000,108.6970000,108.2180000,108.4920000,1477440
20201027,000000,108.6420000,108.6420000,108.0210000,108.2950000,511749
20201028,000000,108.4990000,108.4990000,107.7010000,107.7010000,806192
20201029,000000,108.0060000,108.0060000,107.5010000,107.5190000,1044602
20201030,000000,107.7990000,107.9760000,107.1980000,107.5080000,2791
20201102,000000,107.0350000,107.5100000,106.4860000,106.8000000,457379
20201103,000000,106.8000000,107.2000000,106.6360000,106.8680000,57882
20201105,000000,107.1320000,108.4990000,107.0780000,108.4000000,433687
20201106,000000,108.5000000,108.7970000,108.3000000,108.6890000,156038
20201109,000000,108.2010000,109.1990000,108.2010000,109.1420000,54264
20201110,000000,109.2010000,109.3090000,108.7700000,108.7700000,39569
20201111,000000,108.9670000,109.2000000,108.5010000,108.9340000,5523
20201112,000000,109.1200000,109.1200000,108.7890000,109.0000000,74961
20201113,000000,108.0000000,109.2440000,108.0000000,109.1450000,1484
20201116,000000,109.4990000,109.4990000,108.9020000,109.1990000,102874
20201117,000000,108.8730000,109.3240000,108.8730000,109.1800000,1615
20201118,000000,108.8530000,109.2900000,108.8530000,109.0990000,995799
20201119,000000,109.1000000,109.1800000,108.8100000,109.0000000,1084
20201120,000000,109.0880000,109.1520000,108.9010000,109.1000000,10695
20201123,000000,108.7730000,109.1800000,108.7730000,109.1310000,48741
20201124,000000,108.9400000,109.4920000,108.9400000,109.0080000,19520
20201125,000000,109.0000000,109.1970000,108.8810000,108.8810000,14752
20201126,000000,109.1360000,109.1360000,108.6000000,108.8940000,17688
20201127,000000,108.7910000,108.9890000,108.7000000,108.9000000,126098
20201130,000000,108.8940000,109.0890000,108.6300000,108.8000000,13023
20201201,000000,108.9130000,108.9130000,108.6510000,108.8910000,118690
20201202,000000,108.9680000,108.9680000,108.6380000,108.9050000,7342
20201203,000000,108.6170000,109.0390000,108.6100000,108.9170000,26554
20201204,000000,109.0950000,109.1400000,108.6530000,109.1380000,11493
20201207,000000,109.9940000,109.9940000,108.8200000,109.0510000,241900
20201208,000000,109.3900000,109.3900000,109.0410000,109.1410000,2955
20201209,000000,109.1430000,109.2980000,109.0490000,109.1970000,28758
20201210,000000,109.2500000,109.3970000,108.6220000,109.1150000,15516
20201211,000000,108.7460000,109.1200000,108.7460000,108.8020000,1214
20201214,000000,108.6010000,109.1200000,108.6010000,108.9480000,253013
20201215,000000,108.6600000,109.0290000,108.5300000,108.7870000,2304
20201216,000000,109.7880000,109.7900000,108.4640000,108.7000000,11420
20201217,000000,108.5940000,108.9490000,108.5940000,108.8000000,14340
20201218,000000,108.9910000,108.9910000,108.6000000,108.6000000,1891
20201221,000000,108.2760000,108.6900000,107.8500000,107.9130000,4240
20201222,000000,107.8120000,108.1900000,107.8100000,108.0400000,20577
20201223,000000,108.0500000,108.0500000,107.8070000,107.9300000,30242
20201224,000000,108.4900000,108.4900000,107.6010000,107.9500000,4526
20201225,000000,107.7010000,108.1000000,107.5000000,107.9950000,2106
20201228,000000,108.1000000,108.2070000,107.7110000,108.0010000,25089
20201229,000000,107.5020000,108.4860000,107.5000000,108.0580000,43732
20201230,000000,108.1970000,108.1970000,108.0000000,108.0970000,1838
